{
  "baseline": {
    "name": "classify_fever",
    "n": 941,
    "accuracy": 0.6599362380446334,
    "auroc": 0.4303542673107891,
    "brier": 0.30081455897980874,
    "conf_when_wrong": 0.8445
  },
  "grpo": {
    "name": "sample_grpo",
    "n": 967,
    "accuracy": 0.7238883143743536,
    "auroc": 0.4779935794542536,
    "brier": 0.29282637021716645,
    "conf_when_wrong": 0.8904494382022472
  },
  "test_conf_when_wrong": {
    "baseline_conf_when_wrong": 0.8445,
    "grpo_conf_when_wrong": 0.8904494382022472,
    "p_value": 1.1498974049559752e-27,
    "significant": true
  }
}