{
  "baseline": {
    "name": "sample_control_climatefever",
    "n": 989,
    "accuracy": 0.60262891809909,
    "auroc": 0.518968697166863,
    "brier": 0.3206662285136501,
    "conf_std": 0.15912458432553814
  },
  "grpo": {
    "name": "sample_grpo_climatefever",
    "n": 999,
    "accuracy": 0.5905905905905906,
    "auroc": 0.5077866644565082,
    "brier": 0.3182402402402403,
    "conf_std": 0.18031378652271352
  },
  "test_conf_std": {
    "baseline_conf_std": 0.15912458432553814,
    "grpo_conf_std": 0.18031378652271352,
    "p_value": 8.033122717039751e-09,
    "significant": true
  }
}