{
  "accuracy": 80.0,
  "macro_f1": 0.8214285714285715,
  "weighted_f1": 0.8035714285714285,
  "per_label": {
    "SUPPORTS": {
      "precision": 0.5555555555555556,
      "recall": 1.0,
      "f1": 0.7142857142857143
    },
    "REFUTES": {
      "precision": 1.0,
      "recall": 1.0,
      "f1": 1.0
    },
    "NOT ENOUGH INFO": {
      "precision": 1.0,
      "recall": 0.6,
      "f1": 0.7499999999999999
    }
  }
}