{
  "model": "openai/gpt-oss-20b",
  "source": "classify_fever",
  "checkpoint": "",
  "num_total": 1000,
  "num_valid": 940,
  "num_invalid_skipped": 60,
  "accuracy": 65.95744680851064,
  "macro_f1": 0.6653626313754076,
  "weighted_f1": 0.634531367699393,
  "per_label": {
    "PASS": {
      "precision": 0.7420382165605095,
      "recall": 0.9357429718875502,
      "f1": 0.8277087033747779
    },
    "FAIL": {
      "precision": 0.510158013544018,
      "recall": 0.9076305220883534,
      "f1": 0.653179190751445
    },
    "NA": {
      "precision": 0.8797814207650273,
      "recall": 0.36425339366515835,
      "f1": 0.5152
    }
  }
}