{
  "accuracy": 50.5,
  "macro_f1": 0.265660195240806,
  "weighted_f1": 0.36534337289718016,
  "per_label": {
    "SUPPORTS": {
      "precision": 0.8333333333333334,
      "recall": 0.02,
      "f1": 0.0390625
    },
    "REFUTES": {
      "precision": 0.4642857142857143,
      "recall": 0.052,
      "f1": 0.0935251798561151
    },
    "NOT ENOUGH INFO": {
      "precision": 0.5041407867494824,
      "recall": 0.974,
      "f1": 0.6643929058663028
    }
  }
}