{
  "accuracy": 84.0,
  "macro_f1": 0.8411439030208646,
  "weighted_f1": 0.8417610109660891,
  "per_label": {
    "SUPPORTS": {
      "precision": 0.8722627737226277,
      "recall": 0.956,
      "f1": 0.9122137404580152
    },
    "REFUTES": {
      "precision": 0.6855345911949685,
      "recall": 0.872,
      "f1": 0.7676056338028169
    },
    "NOT ENOUGH INFO": {
      "precision": 0.9387254901960784,
      "recall": 0.766,
      "f1": 0.843612334801762
    }
  }
}