{
  "filtering": {
    "valid1": 951,
    "valid2": 1000,
    "paired": 951
  },
  "mcnemar_test": {
    "n01": 224,
    "n10": 96,
    "chi2": 50.403125,
    "p_value": 1.251947071301882e-12
  },
  "paired_bootstrap_tests": {
    "macro_f1": {
      "metric": "macro_f1",
      "n_paired": 951,
      "model1_value": 0.1767177984961633,
      "model2_value": 0.39199823951943463,
      "observed_diff": 0.21528044102327135,
      "ci_lower": 0.1852995644625923,
      "ci_upper": 0.2462945106563243,
      "p_value": 0.0,
      "significant": true
    },
    "accuracy": {
      "metric": "accuracy",
      "n_paired": 951,
      "model1_value": 0.277602523659306,
      "model2_value": 0.41219768664563616,
      "observed_diff": 0.13459516298633017,
      "ci_lower": 0.09884332281808622,
      "ci_upper": 0.17139852786540483,
      "p_value": 0.0,
      "significant": true
    },
    "PASS_f1": {
      "metric": "PASS_f1",
      "n_paired": 951,
      "model1_value": 0.4100346020761246,
      "model2_value": 0.5771324863883848,
      "observed_diff": 0.1670978843122602,
      "ci_lower": 0.1220425441453095,
      "ci_upper": 0.2118605189730891,
      "p_value": 0.0,
      "significant": true
    },
    "FAIL_f1": {
      "metric": "FAIL_f1",
      "n_paired": 951,
      "model1_value": 0.02469135802469136,
      "model2_value": 0.48513674197384066,
      "observed_diff": 0.4604453839491493,
      "ci_lower": 0.41019941310827845,
      "ci_upper": 0.5083313864774631,
      "p_value": 0.0,
      "significant": true
    },
    "NA_f1": {
      "metric": "NA_f1",
      "n_paired": 951,
      "model1_value": 0.09542743538767395,
      "model2_value": 0.11372549019607842,
      "observed_diff": 0.018298054808404463,
      "ci_lower": -0.027403820262420008,
      "ci_upper": 0.0640118218991073,
      "p_value": 0.4512,
      "significant": false
    },
    "NA_recall": {
      "metric": "NA_recall",
      "n_paired": 951,
      "model1_value": 0.0507399577167019,
      "model2_value": 0.0613107822410148,
      "observed_diff": 0.010570824524312898,
      "ci_lower": -0.01518438177874186,
      "ci_upper": 0.036661307421271855,
      "p_value": 0.4768,
      "significant": false
    }
  }
}