{
  "filtering": {
    "valid1": 988,
    "valid2": 995,
    "paired": 983
  },
  "mcnemar_test": {
    "n01": 42,
    "n10": 49,
    "chi2": 0.3956043956043956,
    "p_value": 0.5293681061847979
  },
  "paired_bootstrap_tests": {
    "macro_f1": {
      "metric": "macro_f1",
      "n_paired": 983,
      "model1_value": 0.5998646107531125,
      "model2_value": 0.5927799719889875,
      "observed_diff": -0.0070846387641250175,
      "ci_lower": -0.02652950047902149,
      "ci_upper": 0.012271299893714123,
      "p_value": 0.4768,
      "significant": false
    },
    "accuracy": {
      "metric": "accuracy",
      "n_paired": 983,
      "model1_value": 0.6032553407934893,
      "model2_value": 0.5961342828077314,
      "observed_diff": -0.007121057985757906,
      "ci_lower": -0.0264496439471007,
      "ci_upper": 0.012207527975584997,
      "p_value": 0.4982,
      "significant": false
    },
    "PASS_f1": {
      "metric": "PASS_f1",
      "n_paired": 983,
      "model1_value": 0.5691056910569106,
      "model2_value": 0.5633802816901409,
      "observed_diff": -0.005725409366769685,
      "ci_lower": -0.03759340629853787,
      "ci_upper": 0.02589481680446086,
      "p_value": 0.729,
      "significant": false
    },
    "FAIL_f1": {
      "metric": "FAIL_f1",
      "n_paired": 983,
      "model1_value": 0.6182432432432433,
      "model2_value": 0.6086956521739131,
      "observed_diff": -0.00954759106933023,
      "ci_lower": -0.03590741981414304,
      "ci_upper": 0.016448306740469737,
      "p_value": 0.4582,
      "significant": false
    },
    "NA_f1": {
      "metric": "NA_f1",
      "n_paired": 983,
      "model1_value": 0.6122448979591837,
      "model2_value": 0.6062639821029083,
      "observed_diff": -0.0059809158562753595,
      "ci_lower": -0.028718683182056413,
      "ci_upper": 0.016999131887013807,
      "p_value": 0.6094,
      "significant": false
    },
    "NA_recall": {
      "metric": "NA_recall",
      "n_paired": 983,
      "model1_value": 0.5498981670061099,
      "model2_value": 0.5519348268839104,
      "observed_diff": 0.0020366598778004397,
      "ci_lower": -0.02429272979609267,
      "ci_upper": 0.02904564315352698,
      "p_value": 0.9388,
      "significant": false
    }
  }
}