{
  "filtering": {
    "valid1": 988,
    "valid2": 1000,
    "paired": 988
  },
  "mcnemar_test": {
    "n01": 193,
    "n10": 11,
    "chi2": 160.59313725490196,
    "p_value": 8.395690966988216e-37
  },
  "paired_bootstrap_tests": {
    "macro_f1": {
      "metric": "macro_f1",
      "n_paired": 988,
      "model1_value": 0.5898934389074107,
      "model2_value": 0.9291543342386834,
      "observed_diff": 0.3392608953312727,
      "ci_lower": 0.30980264505299837,
      "ci_upper": 0.36769818321079173,
      "p_value": 0.0,
      "significant": true
    },
    "accuracy": {
      "metric": "accuracy",
      "n_paired": 988,
      "model1_value": 0.7591093117408907,
      "model2_value": 0.9433198380566802,
      "observed_diff": 0.1842105263157895,
      "ci_lower": 0.1578947368421053,
      "ci_upper": 0.2095141700404859,
      "p_value": 0.0,
      "significant": true
    },
    "PASS_f1": {
      "metric": "PASS_f1",
      "n_paired": 988,
      "model1_value": 0.6964028776978418,
      "model2_value": 0.9275929549902153,
      "observed_diff": 0.2311900772923735,
      "ci_lower": 0.19581693523412871,
      "ci_upper": 0.2674028035437818,
      "p_value": 0.0,
      "significant": true
    },
    "FAIL_f1": {
      "metric": "FAIL_f1",
      "n_paired": 988,
      "model1_value": 0.109375,
      "model2_value": 0.8823529411764706,
      "observed_diff": 0.7729779411764706,
      "ci_lower": 0.7084029723000311,
      "ci_upper": 0.8346996142719383,
      "p_value": 0.0,
      "significant": true
    },
    "NA_f1": {
      "metric": "NA_f1",
      "n_paired": 988,
      "model1_value": 0.9639024390243902,
      "model2_value": 0.9775171065493646,
      "observed_diff": 0.013614667524974422,
      "ci_lower": 0.0019378638775505166,
      "ci_upper": 0.02583537696523681,
      "p_value": 0.0232,
      "significant": false
    },
    "NA_recall": {
      "metric": "NA_recall",
      "n_paired": 988,
      "model1_value": 0.988,
      "model2_value": 1.0,
      "observed_diff": 0.01200000000000001,
      "ci_lower": 0.003913894324853229,
      "ci_upper": 0.022312373225152116,
      "p_value": 0.0036,
      "significant": true
    }
  }
}