{
  "filtering": {
    "valid1": 951,
    "valid2": 1000,
    "paired": 951
  },
  "mcnemar_test": {
    "n01": 315,
    "n10": 92,
    "chi2": 121.0909090909091,
    "p_value": 3.6501621488976958e-28
  },
  "paired_bootstrap_tests": {
    "macro_f1": {
      "metric": "macro_f1",
      "n_paired": 951,
      "model1_value": 0.1767177984961633,
      "model2_value": 0.5168247386531352,
      "observed_diff": 0.34010694015697185,
      "ci_lower": 0.3059295468775469,
      "ci_upper": 0.37460642157241797,
      "p_value": 0.0,
      "significant": true
    },
    "accuracy": {
      "metric": "accuracy",
      "n_paired": 951,
      "model1_value": 0.277602523659306,
      "model2_value": 0.5120925341745531,
      "observed_diff": 0.23449001051524715,
      "ci_lower": 0.19663512092534174,
      "ci_upper": 0.27444794952681384,
      "p_value": 0.0,
      "significant": true
    },
    "PASS_f1": {
      "metric": "PASS_f1",
      "n_paired": 951,
      "model1_value": 0.4100346020761246,
      "model2_value": 0.565619223659889,
      "observed_diff": 0.15558462158376446,
      "ci_lower": 0.1092114169169066,
      "ci_upper": 0.20089307354387861,
      "p_value": 0.0,
      "significant": true
    },
    "FAIL_f1": {
      "metric": "FAIL_f1",
      "n_paired": 951,
      "model1_value": 0.02469135802469136,
      "model2_value": 0.5165354330708662,
      "observed_diff": 0.4918440750461749,
      "ci_lower": 0.4387919571911469,
      "ci_upper": 0.5445641420957672,
      "p_value": 0.0,
      "significant": true
    },
    "NA_f1": {
      "metric": "NA_f1",
      "n_paired": 951,
      "model1_value": 0.09542743538767395,
      "model2_value": 0.46831955922865015,
      "observed_diff": 0.3728921238409762,
      "ci_lower": 0.3200252791139102,
      "ci_upper": 0.4246172984676843,
      "p_value": 0.0,
      "significant": true
    },
    "NA_recall": {
      "metric": "NA_recall",
      "n_paired": 951,
      "model1_value": 0.0507399577167019,
      "model2_value": 0.3594080338266385,
      "observed_diff": 0.3086680761099366,
      "ci_lower": 0.2650589937389309,
      "ci_upper": 0.3538177778611069,
      "p_value": 0.0,
      "significant": true
    }
  }
}