{
  "filtering": {
    "valid1": 968,
    "valid2": 969,
    "paired": 938
  },
  "mcnemar_test": {
    "n01": 35,
    "n10": 61,
    "chi2": 6.510416666666667,
    "p_value": 0.010724437603060147
  },
  "paired_bootstrap_tests": {
    "macro_f1": {
      "metric": "macro_f1",
      "n_paired": 938,
      "model1_value": 0.5936630143254028,
      "model2_value": 0.5682140256228009,
      "observed_diff": -0.025448988702601927,
      "ci_lower": -0.04686843444001515,
      "ci_upper": -0.00398812384524102,
      "p_value": 0.0182,
      "significant": false
    },
    "accuracy": {
      "metric": "accuracy",
      "n_paired": 938,
      "model1_value": 0.6204690831556503,
      "model2_value": 0.5927505330490405,
      "observed_diff": -0.02771855010660984,
      "ci_lower": -0.04797441364605548,
      "ci_upper": -0.007462686567164201,
      "p_value": 0.0076,
      "significant": true
    },
    "PASS_f1": {
      "metric": "PASS_f1",
      "n_paired": 938,
      "model1_value": 0.4891304347826087,
      "model2_value": 0.4648648648648649,
      "observed_diff": -0.024265569917743812,
      "ci_lower": -0.0643525727950813,
      "ci_upper": 0.015551822828981645,
      "p_value": 0.2402,
      "significant": false
    },
    "FAIL_f1": {
      "metric": "FAIL_f1",
      "n_paired": 938,
      "model1_value": 0.6231343283582089,
      "model2_value": 0.6048237476808904,
      "observed_diff": -0.0183105806773185,
      "ci_lower": -0.047590258915711024,
      "ci_upper": 0.009974044031558011,
      "p_value": 0.211,
      "significant": false
    },
    "NA_f1": {
      "metric": "NA_f1",
      "n_paired": 938,
      "model1_value": 0.6687242798353908,
      "model2_value": 0.6349534643226474,
      "observed_diff": -0.03377081551274341,
      "ci_lower": -0.05567226725221565,
      "ci_upper": -0.012274802372626433,
      "p_value": 0.002,
      "significant": true
    },
    "NA_recall": {
      "metric": "NA_recall",
      "n_paired": 938,
      "model1_value": 0.6974248927038627,
      "model2_value": 0.6587982832618026,
      "observed_diff": -0.03862660944206009,
      "ci_lower": -0.06903777338763038,
      "ci_upper": -0.008695180609261489,
      "p_value": 0.0126,
      "significant": false
    }
  }
}