{
  "total_steps": 160,
  "accuracy": {
    "mean": 0.685009765625,
    "std": 0.05926614118170736,
    "min": 0.5,
    "max": 0.84375,
    "trend": 4.688827566506029e-05
  },
  "cumulative_components": {
    "total": {
      "mean": 0.31339946268209345,
      "std": 0.3278282913135453,
      "min": -0.47665561016786306,
      "max": 1.1957125273251765,
      "trend": -0.0006011068449651544
    },
    "r_correct": {
      "mean": 1.055029296875,
      "std": 0.17779842354512207,
      "min": 0.5,
      "max": 1.53125,
      "trend": 0.00014066482699519998
    },
    "r_cls": {
      "mean": -0.1672649766141707,
      "std": 0.04962004926562865,
      "min": -0.2958886501974677,
      "max": -0.07140639595972323,
      "trend": -0.00044010847154854395
    },
    "r_false_na": {
      "mean": -0.567919921875,
      "std": 0.11960717077734548,
      "min": -0.8125,
      "max": -0.25,
      "trend": -0.0004192020135063883
    },
    "r_inconsistent": {
      "mean": -0.004034423828125,
      "std": 0.005015437464312684,
      "min": -0.01953125,
      "max": 0.0,
      "trend": 4.112738092186217e-05
    },
    "r_format": {
      "mean": -0.00411376953125,
      "std": 0.006363962210790577,
      "min": -0.025390625,
      "max": 0.0,
      "trend": 8.696705071487164e-05
    },
    "r_entropy": {
      "mean": 0.001703257655639149,
      "std": 0.0006940179681843238,
      "min": 0.0005654836299324435,
      "max": 0.0035913781368903685,
      "trend": -1.0555618542154228e-05
    }
  },
  "outcome_components": {
    "NA": {
      "total": {
        "mean": 1.9354542586855348,
        "std": 0.0985139329405628,
        "min": 1.5709323519034706,
        "max": 1.9996260179507452,
        "trend": 0.0009724951636056087
      },
      "r_correct": {
        "mean": 1.9474569865480973,
        "std": 0.08956809081784935,
        "min": 1.6015625,
        "max": 2.0,
        "trend": 0.000792642326338345
      },
      "r_cls": {
        "mean": -0.007131007779654033,
        "std": 0.007023090578346648,
        "min": -0.034921637971825785,
        "max": -0.0007608948838238199,
        "trend": 7.888280087598671e-05
      },
      "r_false_na": {
        "mean": 0.0,
        "std": 0.0,
        "min": 0.0,
        "max": 0.0,
        "trend": 0.0
      },
      "r_inconsistent": {
        "mean": -0.0023133847683599,
        "std": 0.0045008645742529016,
        "min": -0.017857142857142856,
        "max": 0.0,
        "trend": 3.033326176518528e-05
      },
      "r_format": {
        "mean": -0.004011277628610581,
        "std": 0.007145086896533858,
        "min": -0.03676470588235294,
        "max": 0.0,
        "trend": 8.239951472287247e-05
      },
      "r_entropy": {
        "mean": 0.0014529423140621158,
        "std": 0.0007705215754537245,
        "min": 0.00038691283456921533,
        "max": 0.003805225712868492,
        "trend": -1.17627400967878e-05
      }
    },
    "PASS": {
      "total": {
        "mean": -1.8835073452471875,
        "std": 1.1598827217865597,
        "min": -3.910073516304719,
        "max": 1.999958341124067,
        "trend": -0.002397600870473295
      },
      "r_correct": {
        "mean": -0.05173633658008657,
        "std": 0.6058029172219124,
        "min": -1.0,
        "max": 2.0,
        "trend": -0.000442996676260183
      },
      "r_cls": {
        "mean": -0.49374750119145716,
        "std": 0.18371699362270083,
        "min": -0.910411965924791,
        "max": -0.00014236756383819682,
        "trend": -0.0015878289913982897
      },
      "r_false_na": {
        "mean": -1.331269108495671,
        "std": 0.4040367025002495,
        "min": -2.0,
        "max": 0.0,
        "trend": -0.00048021711745454003
      },
      "r_inconsistent": {
        "mean": -0.0032424481985028853,
        "std": 0.009451986077076636,
        "min": -0.05625,
        "max": 0.0,
        "trend": 2.1836135535111213e-05
      },
      "r_format": {
        "mean": -0.004920747655122655,
        "std": 0.013936279654349815,
        "min": -0.08333333333333333,
        "max": 0.0,
        "trend": 9.971736025182932e-05
      },
      "r_entropy": {
        "mean": 0.0014087968736528522,
        "std": 0.0007557309134410856,
        "min": 8.288925566720685e-05,
        "max": 0.0031100928351465093,
        "trend": -8.111581147227264e-06
      }
    },
    "FAIL": {
      "total": {
        "mean": -2.161017448117652,
        "std": 0.6485258077672006,
        "min": -3.4553891472807523,
        "max": -0.4145769588202772,
        "trend": -0.0020331296290304244
      },
      "r_correct": {
        "mean": -0.4045801204004329,
        "std": 0.35945250407511753,
        "min": -1.0,
        "max": 0.5,
        "trend": -0.0004944806922881012
      },
      "r_cls": {
        "mean": -0.2995531652562815,
        "std": 0.0682410041267823,
        "min": -0.47602965705738853,
        "max": -0.14324788362823346,
        "trend": -0.0006314072439418563
      },
      "r_false_na": {
        "mean": -1.4466366229256855,
        "std": 0.2969950753329305,
        "min": -2.0,
        "max": -0.5,
        "trend": -0.0010780919023275948
      },
      "r_inconsistent": {
        "mean": -0.0093097408234127,
        "std": 0.014733231310655692,
        "min": -0.06696428571428571,
        "max": 0.0,
        "trend": 9.551030813610654e-05
      },
      "r_format": {
        "mean": -0.003598167782738095,
        "std": 0.010051583042607268,
        "min": -0.0546875,
        "max": 0.0,
        "trend": 8.490948612320237e-05
      },
      "r_entropy": {
        "mean": 0.002660369070898325,
        "std": 0.0011100626132782814,
        "min": 0.0003341367331943019,
        "max": 0.006415128047394795,
        "trend": -9.569584732189654e-06
      }
    }
  },
  "phases": {
    "early": {
      "accuracy": {
        "mean": 0.68466796875,
        "std": 0.053985360739688834,
        "min": 0.5,
        "max": 0.78125,
        "trend": 5.240091463414534e-05
      },
      "total_reward": {
        "mean": 0.3495266281674925,
        "std": 0.2804073040011982,
        "min": -0.47665561016786306,
        "max": 0.858390856791636,
        "trend": -0.0004036227527907798
      }
    },
    "mid_early": {
      "accuracy": {
        "mean": 0.68115234375,
        "std": 0.052040336663156286,
        "min": 0.53515625,
        "max": 0.77734375,
        "trend": 0.0006995338883677137
      },
      "total_reward": {
        "mean": 0.3387152270477496,
        "std": 0.2824901928744577,
        "min": -0.3702962347371285,
        "max": 0.8301526708722813,
        "trend": 0.0035501987565215044
      }
    },
    "mid_late": {
      "accuracy": {
        "mean": 0.6845703125,
        "std": 0.06455809397402151,
        "min": 0.5625,
        "max": 0.84375,
        "trend": -0.0002601723733583572
      },
      "total_reward": {
        "mean": 0.27697343467677715,
        "std": 0.36305127471456133,
        "min": -0.35067872523125565,
        "max": 1.1957125273251765,
        "trend": -0.003173274918019613
      }
    },
    "late": {
      "accuracy": {
        "mean": 0.6896484375,
        "std": 0.06498331882932896,
        "min": 0.5625,
        "max": 0.82421875,
        "trend": -0.0002447818949343444
      },
      "total_reward": {
        "mean": 0.2883825608363545,
        "std": 0.3684448400470118,
        "min": -0.3801345824567756,
        "max": 1.0480849941424077,
        "trend": -0.0016675961761422396
      }
    }
  }
}